{
    "theme":{
        "file": "/ventoy/themes/sleek/theme.txt",
        "gfxmode": "1920x1080",
        "fonts":[
            "/ventoy/themes/sleek/DejaVuSans-48.pf2",
            "/ventoy/themes/sleek/DejaVuSans-Regular-14.pf2",
            "/ventoy/themes/sleek/DejaVuSans-Regular-16.pf2",
            "/ventoy/themes/sleek/DejaVuSans-Regular-24.pf2",
            "/ventoy/themes/sleek/terminus-14.pf2",
            "/ventoy/themes/sleek/terminus-16.pf2"
        ]
    },
    "menu_class":[
        {
            "key": "rocky",
            "class": "rocky"
        },
        {
            "key": "windows",
            "class": "windows"
        },
        {
            "key": "PE",
            "class": "winPE"
        },
        {
            "key": "Windows",
            "class": "windows"
        },
        {
            "key": "WINDOWS",
            "class": "windows"
        }
    ]
}
